14514757;Adriana Nelva;Alasia;aalasia@acacoop.com.ar;Insumos;Fábrica San Nicolás;adriana.nelva.alasia
28075621;Alan;Bain;abain@acacoop.com.ar;CDC;CDC Gualeguay;alan.bain
10188630;Leda Maria;Abdala De Juarez;abdala@acacoop.com.ar;Adm. y Finanzas;Sucursal Rosario;leda.maria.abdala.de.juarez
27653017;Alejandro Daniel;Bertone;abertone@acacoop.com.ar;Adm. y Finanzas;Casa Central;alejandro.daniel.bertone
22137107;Silvia Graciela;Tonon;abogadoscampana@acacoop.com.ar;Insumos;Planta Campana;silvia.graciela.tonon
22846779;Analia Lorena;Bogo Morales;abogomorales@acacoop.com.ar;Productos Agricolas;Casa Central;analia.lorena.bogo.morales
21768945;Sergio Horacio;Millan;acahacienda@acacoop.com.ar;Hacienda;Mercado de Liniers;sergio.horacio.millan
23904019;Leandro Adrian;Nobile;acahacienda@acacoop.com.ar;Hacienda;Mercado de Liniers;leandro.adrian.nobile
12127978;Juan Carlos;Ortiz;acahacienda@acacoop.com.ar;Hacienda;Mercado de Liniers;juan.carlos.ortiz
32956586;Agustin Alejandro;Capria;acapria@acacoop.com.ar;Comercio Exterior;Casa Central;agustin.alejandro.capria
26591074;Adrian Dario;Castro;acastro@acacoop.com.ar;CDC;CDC Eduardo Castex;adrian.dario.castro
11395570;Victor Oreste;Accastello;accastello@acacoop.com.ar;Insumos;Casa Central;victor.oreste.accastello
11381043;Alberto Ruben;Chiavari;achiavari@acacoop.com.ar;CDC;CDC Zavalla;alberto.ruben.chiavari
23697817;Alberto Ivan;Corsico;acorsico@acacoop.com.ar;Insumos;CDC Tio Pujio;alberto.ivan.corsico
26892640;Santiago;Acquaroli;acquaroli@acacoop.com.ar;Insumos;Casa Central;santiago.acquaroli
11127340;Alberto Daniel;Dimangano;adimangano@acacoop.com.ar;Productos Agricolas;Sucursal Rosario;alberto.daniel.dimangano
34125426;Juan Agustin;Esquivel;aesquivel@acacoop.com.ar;Insumos;CDC Pehuajo;juan.agustin.esquivel
7803038;Abraham Jaime;Falczuk;afalczuk@acacoop.com.ar;Insumos;Planta Campana;abraham.jaime.falczuk
30848360;Ana Maria;Farias;afarias@acacoop.com.ar;CDC;CDC Despeñaderos;ana.maria.farias
27666905;Adrian Ernesto;Ferrari;aferrari@acacoop.com.ar;Comercio Exterior;Casa Central;adrian.ernesto.ferrari
29602569;Adrian Antonio;Franco;afranco@acacoop.com.ar;Insumos;Planta Campana;adrian.antonio.franco
25707423;Adrian Daniel;Garcia;agarcia@acacoop.com.ar;Productos Agricolas;Sucursal Rosario;adrian.daniel.garcia
28779800;Aldo Rafael;Gimenez;agimenez@acacoop.com.ar;CDC;CDC Canals;aldo.rafael.gimenez
28877246;Andres Alejandro;Gomez;agomez@acacoop.com.ar;Insumos;Casa Central;andres.alejandro.gomez
13819754;Alfredo Ricardo;Gonzalez;agonzalez@acacoop.com.ar;Insumos;Sin Asignación Específica;alfredo.ricardo.gonzalez
27444801;Alejandro Javier;Griglio;agriglio@acacoop.com.ar;CDC;Sucursal Cordoba;alejandro.javier.griglio
35727766;Agustin Mateo;Gubitosi;agubitosi@acacoop.com.ar;Direccion y Asesoramiento;Casa Central;agustin.mateo.gubitosi
21086591;Rolando Alcides;Aguilera;aguilera@acacoop.com.ar;Insumos;Casa Central;rolando.alcides.aguilera
27777452;Amancay;Herrera;aherrera@acacoop.com.ar;Insumos;Pergamino - Suelo Fértil;amancay.herrera
26193547;Alejandro Mauricio;Ibarra;aibarra@acacoop.com.ar;CDC;Sucursal Rosario;alejandro.mauricio.ibarra
11314098;Armando Antonio;Junquera;ajunquera@acacoop.com.ar;Insumos;Criadero Cabildo;armando.antonio.junquera
36374544;Andrea Soledad;Lami Ortiz;alamiortiz@acacoop.com.ar;Adm. y Finanzas;Casa Central;andrea.soledad.lami.ortiz
29145236;Alejandro;Bisterfeld;alejandrobisterfeld@hotmail.com;Insumos;Colonia Barón;alejandro.bisterfeld
21722953;Pablo Rene;Alfieri;alfieri@acacoop.com.ar;Adm. y Finanzas;Sucursal Rosario;pablo.rene.alfieri
32890280;Adrian;Litterini;alitterini@acacoop.com.ar;Organos de Ejecución Gerencial;Casa Central;adrian.litterini
22102879;Alider Rene;Marozzi;amarozzi@acacoop.com.ar;Insumos;Sin Asignación Específica;alider.rene.marozzi
11292690;Alicia Susana;Martinez;amartinez@acacoop.com.ar;Adm. y Finanzas;Casa Central;alicia.susana.martinez
13776242;Ramon Alberto;Matebe;amatebe@acacoop.com.ar;Insumos;Planta Campana;ramon.alberto.matebe
20585557;Alejandro Hernan;Modarelli;amodarelli@acacoop.com.ar;Insumos;Planta Campana;alejandro.hernan.modarelli
25531394;Analia Veronica;Rodriguez;anarodriguez@acacoop.com.ar;Puertos;Puerto San Lorenzo;analia.veronica.rodriguez
14725671;Andres Nicolas;Ibarra;anibarra@acacoop.com.ar;Insumos;Criadero Pergamino;andres.nicolas.ibarra
23457817;Alejandra Doris;Oliva;aoliva@acacoop.com.ar;CDC;CDC Cañada de Gomez;alejandra.doris.oliva
31234542;Belen ;Orellana;aorellana@acacoop.com.ar;Mutual;Casa Central;belen..orellana
33443279;Aurelio Agustin;Pagani;apagani@acacoop.com.ar;Adm. y Finanzas;Casa Central;aurelio.agustin.pagani
21636649;Andres Osvaldo;Pereyra;apereyra@acacoop.com.ar;Insumos;Criadero Pergamino;andres.osvaldo.pereyra
25832082;Ariel Gustavo;Pinchetti;apinchetti@acacoop.com.ar;CDC;Sucursal Rosario;ariel.gustavo.pinchetti
12902401;Alejandro Rene;Rodriguez;arodriguez@acacoop.com.ar;Adm. y Finanzas;Casa Central;alejandro.rene.rodriguez
31068614;Andres;Rodriguez Haro;arodriguezharo@acacoop.com.ar;Productos Agricolas;Sucursal Rosario;andres.rodriguez.haro
29749927;Andrea Elizabeth;Schinke;aschinke@acacoop.com.ar;Insumos;CDC Huanguelen;andrea.elizabeth.schinke
14445102;Ariel;Scotta;ascotta@acacoop.com.ar;Consejo de Adm. - Mesa Directiva;Casa Central;ariel.scotta
25300736;Alejo Eduardo;Soto;asoto@acacoop.com.ar;Productos Agricolas;Sucursal Bahía Blanca;alejo.eduardo.soto
13882676;Anabel Edith;Suarez;asuarez@acacoop.com.ar;Insumos;Fábrica San Nicolás;anabel.edith.suarez
16098588;Alicia Ester;Velazquez;avelazquez@acacoop.com.ar;Comercio Exterior;Casa Central;alicia.ester.velazquez
20645217;Marcelo Oscar Jesu;Avigliano;avigliano@acacoop.com.ar;Puertos;Puerto San Lorenzo;marcelo.oscar.jesu.avigliano
23920416;Alejandro Ernesto;Vizzo;avizzo@acacoop.com.ar;Insumos;CDC Eduardo Castex;alejandro.ernesto.vizzo
22616237;Angelina Carlota;Zanguitu;azanguitu@acacoop.com.ar;Insumos;Sin Asignación Específica;angelina.carlota.zanguitu
16064304;Enzo Sergio;Baez;baez@acacoop.com.ar;Comercio Exterior;Sucursal Rosario;enzo.sergio.baez
12522749;Roberto Daniel;Banquero;banquero@acacoop.com.ar;Adm. y Finanzas;Sucursal Rosario;roberto.daniel.banquero
24384280;Mauricio Javier;Barbadillo;barbadillo@acacoop.com.ar;Productos Agricolas;Sucursal Bahía Blanca;mauricio.javier.barbadillo
34046075;Bruno;Barrile;bbarrile@acacoop.com.ar;Productos Agricolas;Sucursal Rosario;bruno.barrile
32531008;Barbara Laura;Ramos Calabro;bcalabro@acacoop.com.ar;Adm. y Finanzas;Casa Central;barbara.laura.ramos.calabro
25424638;Pablo Dario;Bernardez Valls;bernardez@acacoop.com.ar;Insumos;Sin Asignación Específica;pablo.dario.bernardez.valls
26655136;Felix Antonio Jose;Bertea;bertea@acacoop.com.ar;CDC;CDC Oliva;felix.antonio.jose.bertea
10052241;Lilian Beatriz;Berti;berti@acacoop.com.ar;Adm. y Finanzas;Sucursal Cordoba;lilian.beatriz.berti
6608151;Osvaldo Luis Daniel;Bertone;bertone@acacoop.com.ar;Organos de Ejecución Gerencial;Casa Central;osvaldo.luis.daniel.bertone
26317311;Sebastian;Bianchi;bianchi@acacoop.com.ar;Productos Agricolas;Sucursal Rosario;sebastian.bianchi
37340137;Bruno;Marelli;bmarelli@acacoop.com.ar;Comercio Exterior;Casa Central;bruno.marelli
14289398;Claudio Roberto;Bogo Morales;bogo@acacoop.com.ar;Productos Agricolas;Casa Central;claudio.roberto.bogo.morales
23978519;German Horacio;Botta;botta@acacoop.com.ar;Productos Agricolas;Sucursal Rosario;german.horacio.botta
27311049;Pablo Santiago;Breit;breit@acacoop.com.ar;Productos Agricolas;Casa Central;pablo.santiago.breit
16795629;Raquel;Brunengo De Blasko;brunengo@acacoop.com.ar;Productos Agricolas;Filial Parana;raquel.brunengo.de.blasko
30390088;Betiana;Serier;bserier@acacoop.com.ar;Adm. y Finanzas;Sucursal Bahía Blanca;betiana.serier
14803531;Alicia Beatriz;Bustos;bustos@acacoop.com.ar;Adm. y Finanzas;Sucursal Rosario;alicia.beatriz.bustos
16131343;Alejandro;Campillay;campillay@acacoop.com.ar;Mutual;Casa Central;alejandro.campillay
24496803;Valeria Ianina;Canterino;canterino@acacoop.com.ar;Comercio Exterior;Casa Central;valeria.ianina.canterino
13276843;Antonio Alberto;Capria;capria@acacoop.com.ar;Insumos;Casa Central;antonio.alberto.capria
32685718;Carla Andrea;Giraudo;carla_giraudo@hotmail.com;Comercio Exterior;Casa Central;carla.andrea.giraudo
5536285;Pedro Eleuterio;Carricart;carricart@acacoop.com.ar;Direccion y Asesoramiento;Casa Central;pedro.eleuterio.carricart
12474175;Cesar Gabriel;Casquero;casquero@acacoop.com.ar;Adm. y Finanzas;Sucursal Bahía Blanca;cesar.gabriel.casquero
16939753;Luis Oscar;Castro Blanco;castro@acacoop.com.ar;Adm. y Finanzas;Casa Central;luis.oscar.castro.blanco
11159828;Jorge Alberto;Cavalo;cavalo@acacoop.com.ar;Comercio Exterior;Casa Central;jorge.alberto.cavalo
32379277;Carla Ines;Barta;cbarta@acacoop.com.ar;Insumos;Fábrica San Nicolás;carla.ines.barta
21690661;Carlos Alberto;Belardinelli;cbelardinelli@acacoop.com.ar;CDC;CDC Bragado;carlos.alberto.belardinelli
27096088;Juan Cesar;Bouzada;cbouzada@acacoop.com.ar;CDC;CDC Eduardo Castex;juan.cesar.bouzada
14955739;Claudio Alejandro;Cambareri;ccambareri@acacoop.com.ar;Puertos;Puerto Quequen;claudio.alejandro.cambareri
17747659;Cesar Horacio;Data;cdata@acacoop.com.ar;CDC;CDC Eduardo Castex;cesar.horacio.data
24696113;Cristian Rafael;Ceva;ceva@acacoop.com.ar;Adm. y Finanzas;Casa Central;cristian.rafael.ceva
27919627;Cristian Javier;Fernandez;cfernandez@acacoop.com.ar;Comercio Exterior;Deposito de Miel;cristian.javier.fernandez
30410521;Cristian Daniel;Godoy;cgodoy@acacoop.com.ar;Adm. y Finanzas;Casa Central;cristian.daniel.godoy
8311647;Cristian Horacio;Hejler;chejler@acacoop.com.ar;CDC;CDC Villa Bordeu;cristian.horacio.hejler
28178282;Cesar Daniel;Herrgott;cherrgott@acacoop.com.ar;Organos de Ejecución Gerencial;Sucursal Rosario;cesar.daniel.herrgott
27485900;Maximiliano;Chiaraviglio;chiaraviglio@acacoop.com.ar;Adm. y Finanzas;Sucursal Cordoba;maximiliano.chiaraviglio
27634760;Marcelo Nicolas;Cinacchi;cinacchi@acacoop.com.ar;Adm. y Finanzas;Casa Central;marcelo.nicolas.cinacchi
22435925;Cristian Horacio;Jalil;cjalil@acacoop.com.ar;Insumos;Fábrica San Nicolás;cristian.horacio.jalil
26958857;Carlos Alberto;Koleff;ckoleff@acacoop.com.ar;Adm. y Finanzas;Sucursal Bahía Blanca;carlos.alberto.koleff
23867028;Walter Anibal;Clemente;clemente@acacoop.com.ar;Adm. y Finanzas;Sucursal Bahía Blanca;walter.anibal.clemente
22943351;Claudio Roberto;Marconi;cmarconi@acacoop.com.ar;Insumos;Planta Campana;claudio.roberto.marconi
29699077;Cecilia Ines;Mate;cmate@acacoop.com.ar;Organos de Ejecución Gerencial;Casa Central;cecilia.ines.mate
27777400;Cristian Jorge;Muiños;cmuinos@acacoop.com.ar;Productos Agricolas;Casa Central;cristian.jorge.muiños
8499796;Ricardo Antonio;Cola;cola@acacoop.com.ar;Productos Agricolas;Filial Pergamino;ricardo.antonio.cola
11196990;Juan Carlos;Duhart;controca@acacoop.com.ar;Insumos;Criadero Pergamino;juan.carlos.duhart
26435235;Gustavo Adolfo;Costa;costa@acacoop.com.ar;Adm. y Finanzas;Casa Central;gustavo.adolfo.costa
20017795;Claudio Gabriel;Ouakim;couakim@acacoop.com.ar;Insumos;Fábrica San Nicolás;claudio.gabriel.ouakim
31469349;Carlos Federico;Ripoli;cripoli@acacoop.com.ar;Organos de Ejecución Gerencial;Casa Central;carlos.federico.ripoli
32897965;Carlos Ariel;Robledo;crobledo@acacoop.com.ar;Productos Agricolas;Sucursal Rosario;carlos.ariel.robledo
23796596;Cristian Carlos;Rossi;crossi@acacoop.com.ar;Insumos;CDC Oliva;cristian.carlos.rossi
17665563;Claudio Alberto;Saldias;csaldias@acacoop.com.ar;Insumos;Criadero Pergamino;claudio.alberto.saldias
27688034;Cristian Alberto;Seijas;cseijas@acacoop.com.ar;Comercio Exterior;Casa Central;cristian.alberto.seijas
11965351;Carlos Enrique;Daguerre;daguerre@acacoop.com.ar;Adm. y Finanzas;Casa Central;carlos.enrique.daguerre
16690822;Gustavo Alberto;D'Angelo;dangelo@acacoop.com.ar;Adm. y Finanzas;Sucursal Rosario;gustavo.alberto.d'angelo
25477507;Diego Hernan;D'Astolfo;dastolfo@acacoop.com.ar;Comercio Exterior;Deposito de Miel;diego.hernan.d'astolfo
13393014;Daniel Osvaldo;Barace;dbarace@acacoop.com.ar;Puertos;Puerto Quequen;daniel.osvaldo.barace
28775137;Damian Ricardo;Barrionuevo;dbarrionuevo@acacoop.com.ar;Adm. y Finanzas;Sucursal Cordoba;damian.ricardo.barrionuevo
31447325;Diego Adalberto;Bertholet;dbertholet@acacoop.com.ar;CDC;CDC Las Flores;diego.adalberto.bertholet
11378631;Daniel;Biga;dbiga@acacoop.com.ar;Consejo de Adm. - Mesa Directiva;Casa Central;daniel.biga
28530063;Hector David;Borghi;dborghi@acacoop.com.ar;CDC;CDC Eduardo Castex;hector.david.borghi
31271788;Damian Roberto;Carreiro;dcarreiro@acacoop.com.ar;Insumos;Planta Campana;damian.roberto.carreiro
23799949;David Martin;Chiurchiu;dchiurchiu@acacoop.com.ar;CDC;Sucursal Rosario;david.martin.chiurchiu
31188949;Daniel Omar;Dambrosi;ddambrosi@acacoop.com.ar;CDC;CDC Pilar;daniel.omar.dambrosi
31230100;Damian Horacio;Druetta;ddruetta@acacoop.com.ar;CDC;CDC Concepcion;damian.horacio.druetta
14900425;Nora Gabriela;De Aracama;de_aracama@acacoop.com.ar;Direccion y Asesoramiento;Casa Central;nora.gabriela.de.aracama
24962600;Paula Lorena;De Gennaro;de_gennaro@acacoop.com.ar;Organos de Ejecución Gerencial;Casa Central;paula.lorena.de.gennaro
24754323;Sebastian;Dedominici;dedominici@acacoop.com.ar;Insumos;Casa Central;sebastian.dedominici
17880899;Dario Miguel;Garay;dgaray@acacoop.com.ar;Puertos;Puerto Quequen;dario.miguel.garay
17391371;Daniel;Gavela;dgavela@acacoop.com.ar;Insumos;Criadero Pergamino;daniel.gavela
14574303;Alejandro Dario;Gonzalez;dgonzalez@acacoop.com.ar;Puertos;Puerto San Lorenzo;alejandro.dario.gonzalez
26932261;Ignacio Gustavo;Diaz Hermelo;dhermelo@acacoop.com.ar;Productos Agricolas;Sucursal Rosario;ignacio.gustavo.diaz.hermelo
18408232;Demian;Diaz;diaz@acacoop.com.ar;Adm. y Finanzas;Sucursal Cordoba;demian.diaz
12541645;Claudio Jorge;Dieguez;dieguez@acacoop.com.ar;CDC;Sucursal Bahía Blanca;claudio.jorge.dieguez
16536524;Marcelo Edgardo;Dimangano;dimangano@acacoop.com.ar;Puertos;Puerto San Lorenzo;marcelo.edgardo.dimangano
24239918;Dante Osvaldo;Lombardo;dlombardo@acacoop.com.ar;CDC;Casa Central;dante.osvaldo.lombardo
22687934;Daniel Oscar;Luque;dluque@acacoop.com.ar;CDC;Casa Central;daniel.oscar.luque
33709855;Diego Martin;Malcorra;dmalcorra@acacoop.com.ar;Productos Agricolas;Casa Central;diego.martin.malcorra
25416596;Dario Gabriel;Montañana;dmontanana@acacoop.com.ar;Insumos;CDC Concepcion;dario.gabriel.montañana
16090442;Daniel Angel;Navarro;dnavarro@acacoop.com.ar;Productos Agricolas;Casa Central;daniel.angel.navarro
24171635;Jorge Daniel;Dominguez;dominguez@acacoop.com.ar;Adm. y Finanzas;Casa Central;jorge.daniel.dominguez
12924083;Fabian Ramon;Dona;dona@acacoop.com.ar;CDC;CDC Cañada de Gomez;fabian.ramon.dona
31207036;Dolores Maria;Padilla;dpadilla@acacoop.com.ar;Insumos;Casa Central;dolores.maria.padilla
24829158;Dario Ruben;Rodriguez;drodriguez@acacoop.com.ar;Comercio Exterior;Sucursal Bahía Blanca;dario.ruben.rodriguez
32395058;Diego Hernan;Vazquez;dvazquez@acacoop.com.ar;Productos Agricolas;Casa Central;diego.hernan.vazquez
33607745;Eduardo Maximiliano;Aragon;earagon@acacoop.com.ar;Organos de Ejecución Gerencial;Casa Central;eduardo.maximiliano.aragon
12248345;Fernando Julian;Echazarreta;echazarreta@acacoop.com.ar;Organos de Ejecución Gerencial;Casa Central;fernando.julian.echazarreta
31569730;Emiliano Pedro;Dalmaso;edalmaso@acacoop.com.ar;Organos de Ejecución Gerencial;Casa Central;emiliano.pedro.dalmaso
22387781;Enzo German;Diaz;ediaz@acacoop.com.ar;Puertos;Puerto San Lorenzo;enzo.german.diaz
28914348;Enrique Heraldo;Dossena;edossena@acacoop.com.ar;Puertos;Puerto San Lorenzo;enrique.heraldo.dossena
11619421;Enrique Gerardo O.;Evangelisti;eevangelisti@acacoop.com.ar;Insumos;Criadero Pergamino;enrique.gerardo.o..evangelisti
11965762;Eduardo Angel;Fondato;efondato@acacoop.com.ar;CDC;CDC Iriarte;eduardo.angel.fondato
29204391;Efrain Ramon;Martinez Epele;efrain69me@hotmail.com;Insumos;CDC Gualeguay;efrain.ramon.martinez.epele
24337716;Esteban Andres;Gamulin;egamulin@acacoop.com.ar;Adm. y Finanzas;Casa Central;esteban.andres.gamulin
27121341;Evangelina;Guzman;eguzman@acacoop.com.ar;Insumos;CDC Sargento Cabral;evangelina.guzman
33364739;Emanuel Jesus;Lopez;elopez@acacoop.com.ar;Insumos;Fábrica San Nicolás;emanuel.jesus.lopez
16713292;Eduardo;Macaya;emacaya@acacoop.com.ar;Consejo de Adm. - Mesa Directiva;Casa Central;eduardo.macaya
29789721;Emiliano;Martinez;emartinez@acacoop.com.ar;Comercio Exterior;Casa Central;emiliano.martinez
13931188;Edgardo Liberto;Moiron;emoiron@acacoop.com.ar;Insumos;Pergamino;edgardo.liberto.moiron
13174006;Eduardo Oscar;Perez;eperez@acacoop.com.ar;Adm. y Finanzas;Sucursal Rosario;eduardo.oscar.perez
14104925;Elcides Juan;Raynaudo;eraynaudo@acacoop.com.ar;Puertos;Fca. Rio Tercero;elcides.juan.raynaudo
11259911;Jose Arnoldo;Erhardt;erhardt@acacoop.com.ar;Insumos;Casa Central;jose.arnoldo.erhardt
25648760;Sebastian;Errecalde;errecalde@acacoop.com.ar;Productos Agricolas;Sucursal Rosario;sebastian.errecalde
23761966;Mauricio Anibal;Ersetti;ersetti@acacoop.com.ar;Adm. y Finanzas;Sucursal Rosario;mauricio.anibal.ersetti
30598849;Estefania;Santini;esantini@acacoop.com.ar;Insumos;Fábrica San Nicolás;estefania.santini
33324703;Ezequiel Jesus;Sbrascini;esbrascini@acacoop.com.ar;CDC;CDC San Genaro;ezequiel.jesus.sbrascini
28674598;Eliana Soledad;Solari Baulies;esolari@acacoop.com.ar;CDC;CDC Wheelwright;eliana.soledad.solari.baulies
17849364;Hugo Mario Ramon;Di Sipio;esquina_disipio@acacoop.com.ar;CDC;CDC San José de la Esquina;hugo.mario.ramon.di.sipio
11678655;Elvira Teresa;Torres;etorres@acacoop.com.ar;Insumos;Fábrica San Nicolás;elvira.teresa.torres
24573434;Eugenia Andrea;Vivas;evivas@acacoop.com.ar;Productos Agricolas;Filial Santa Fe;eugenia.andrea.vivas
11950203;Hector Eduardo;Fabre;fabre@acacoop.com.ar;Puertos;Puerto San Lorenzo;hector.eduardo.fabre
34512221;Fernando Jose;Agosta;fagosta@acacoop.com.ar;CDC;Casa Central;fernando.jose.agosta
26986379;Federico;Aguirre;faguirre@acacoop.com.ar;Adm. y Finanzas;Sucursal Rosario;federico.aguirre
31280157;Fernando;Arias;farias@acacoop.com.ar;CDC;CDC Hughes;fernando.arias
34685116;Florencia Ruth;Bianciotti;fbianciotti@acacoop.com.ar;CDC;CDC Arroyito;florencia.ruth.bianciotti
30686197;Florencia Tamara;Carrascal;fcarrascal@acacoop.com.ar;Productos Agricolas;Sucursal Rosario;florencia.tamara.carrascal
27912425;Hector Fernando;Cocheri;fcocheri@acacoop.com.ar;Productos Agricolas;Planta Los Frentones;hector.fernando.cocheri
34541715;Franco Abel;Conforti;fconforti@acacoop.com.ar;Productos Agricolas;Sucursal Rosario;franco.abel.conforti
92517094;Ignacio Federico;Diaz;fdiaz@acacoop.com.ar;CDC;CDC Pehuajo;ignacio.federico.diaz
20034259;Fabian Oscar;Di Leo;fdileo@acacoop.com.ar;Insumos;Criadero Pergamino;fabian.oscar.di.leo
10641201;Carlos Alberto;Ferrari;ferrari@acacoop.com.ar;Productos Agricolas;Casa Central;carlos.alberto.ferrari
11308174;Lidia Mabel;Ferrero De Sanz;ferrero_villegas@acacoop.com.ar;CDC;CDC Villegas;lidia.mabel.ferrero.de.sanz
31565952;Franco Matias;Esperon;fesperon@acacoop.com.ar;Productos Agricolas;Sucursal Rosario;franco.matias.esperon
25676893;Federico Christian;Gerhardinger;fgerhardinger@acacoop.com.ar;Comercio Exterior;Deposito de Miel;federico.christian.gerhardinger
23765693;Ariel Fernando;Gomez;fgomez@acacoop.com.ar;Productos Agricolas;Casa Central;ariel.fernando.gomez
24586803;Flavio Augusto Ang;Luetto;fluetto@acacoop.com.ar;Insumos;Sucursal Rosario;flavio.augusto.ang.luetto
20364296;Fernando Leon;Mrozek;fmrozek@acacoop.com.ar;Insumos;CDC Bragado;fernando.leon.mrozek
25161213;Fernando Manuel;Nistal Gonzalez;fnistal@acacoop.com.ar;CDC;Sucursal Rosario;fernando.manuel.nistal.gonzalez
10775594;Juan Carlos;Fola;fola@acacoop.com.ar;Direccion y Asesoramiento;Casa Central;juan.carlos.fola
33686573;Federico Jesus;Opezzo;fopezzo@acacoop.com.ar;Adm. y Finanzas;Sucursal Rosario;federico.jesus.opezzo
30830514;Facundo Jose;Pera;fpera@acacoop.com.ar;Organos de Ejecución Gerencial;Casa Central;facundo.jose.pera
31103548;Fabricio Carlos;Piotto;fpiotto@acacoop.com.ar;Productos Agricolas;Sucursal Rosario;fabricio.carlos.piotto
24883033;Fernando Martin;Reissenauer;freissenauer@acacoop.com.ar;Insumos;CDC San José de la Esquina;fernando.martin.reissenauer
28817070;Facundo Tomas;Rivarola;frivarola@acacoop.com.ar;Adm. y Finanzas;Sucursal Rosario;facundo.tomas.rivarola
28879750;Facundo Martin;Rohlmann;frohlmann@acacoop.com.ar;Insumos;CDC Huanguelen;facundo.martin.rohlmann
20779454;Miguel Angel;Frutos;frutos@acacoop.com.ar;Productos Agricolas;Filial Santa Fe;miguel.angel.frutos
24672320;Fernando Adrian;Stuprich;fstuprich@acacoop.com.ar;CDC;CDC Villa del Rosario;fernando.adrian.stuprich
20691498;Flavia Mariel;Toth;ftoth@acacoop.com.ar;Insumos;Sin Asignación Específica;flavia.mariel.toth
21963285;Gabriel;Gaillard;gaillard@acacoop.com.ar;Insumos;Casa Central;gabriel.gaillard
27776534;Marcos Gaston;Almiron;galmiron@acacoop.com.ar;CDC;CDC Bragado;marcos.gaston.almiron
22268271;Santiago Jose;Gamulin;gamulin@acacoop.com.ar;Adm. y Finanzas;Sucursal Rosario;santiago.jose.gamulin
11544608;Maria Eugenia;Garofoli;garofoli@acacoop.com.ar;Adm. y Finanzas;Sucursal Bahía Blanca;maria.eugenia.garofoli
18068510;Daniel Tomas;Garrahan;garrahan@acacoop.com.ar;Organos de Ejecución Gerencial;Casa Central;daniel.tomas.garrahan
26737615;Gerardo Daniel;Basaluzzo;gbasaluzzo@acacoop.com.ar;Insumos;Casa Central;gerardo.daniel.basaluzzo
28172175;Gustavo Gabriel Emanuel;Bazzi;gbazzi@acacoop.com.ar;CDC;Sucursal Rosario;gustavo.gabriel.emanuel.bazzi
26863100;Gerardo Oreste;Cabanay;gcabanay@acacoop.com.ar;CDC;CDC Iriarte;gerardo.oreste.cabanay
14936620;Servando Gabriel;Carpenco;gcarpenco@acacoop.com.ar;CDC;CDC Gualeguay;servando.gabriel.carpenco
26304871;German Ceferino;Carrozza;gcarrozza@acacoop.com.ar;Organos de Ejecución Gerencial;Sucursal Rosario;german.ceferino.carrozza
26251723;Gaston;Coll;gcoll@acacoop.com.ar;Insumos;CDC Las Flores;gaston.coll
30042731;Gustavo Damian;Cufre;gcufre@acacoop.com.ar;Productos Agricolas;Gral. Pico;gustavo.damian.cufre
30293506;Gabriel Horacio;Dettler;gdettler@acacoop.com.ar;Insumos;Fábrica San Nicolás;gabriel.horacio.dettler
36072992;Gabriel  Alejandro;Digiglio;gdigiglio@acacoop.com.ar;Comercio Exterior;Deposito de Miel;gabriel..alejandro.digiglio
29410494;Sergio Rodrigo;Gerez;gerez@acacoop.com.ar;Comercio Exterior;Casa Central;sergio.rodrigo.gerez
21790561;Daniel Fernando;Gestan;gestan@acacoop.com.ar;Organos de Ejecución Gerencial;Casa Central;daniel.fernando.gestan
31385032;Gonzalo;Franco;gfranco@acacoop.com.ar;CDC;CDC Wheelwright;gonzalo.franco
23497138;Gustavo Ramon;Gomez;ggomez@acacoop.com.ar;Insumos;CDC Gualeguay;gustavo.ramon.gomez
11825164;Guillermo Daniel;Gullace;ggullace@acacoop.com.ar;Insumos;Criadero Cabildo;guillermo.daniel.gullace
17757916;Juan Pablo;Ghirardi;ghirardi@acacoop.com.ar;Comercio Exterior;Casa Central;juan.pablo.ghirardi
23407451;Livio Gabino;Giannini;giannini@acacoop.com.ar;Adm. y Finanzas;Casa Central;livio.gabino.giannini
24011740;Gisela Marisa;Ibañez;gibanez@acacoop.com.ar;Insumos;Casa Central;gisela.marisa.ibañez
26603235;Juan Manuel;Gigena;gigena@acacoop.com.ar;Productos Agricolas;Sucursal Rosario;juan.manuel.gigena
32289614;Guillermo Hernan;Ludueña;gluduena@acacoop.com.ar;Productos Agricolas;Sucursal Rosario;guillermo.hernan.ludueña
25695326;Carlos Javier;Gonzalez Maina;gmaina@acacoop.com.ar;Organos de Ejecución Gerencial;Casa Central;carlos.javier.gonzalez.maina
14856034;Luis Alberto;Gomez;gomez@acacoop.com.ar;Adm. y Finanzas;Casa Central;luis.alberto.gomez
23013188;Cesar Javier;Gotte;gotte@acacoop.com.ar;Productos Agricolas;Filial Parana;cesar.javier.gotte
33317518;Guillermo Esteban;Perez;gperez@acacoop.com.ar;CDC;CDC Gualeguay;guillermo.esteban.perez
27228899;Diego Alberto;Waimann;gperez@acacoop.com.ar;Insumos;CDC Eduardo Castex;diego.alberto.waimann
27556286;Gustavo Daniel;Pulido;gpulido@acacoop.com.ar;Adm. y Finanzas;Casa Central;gustavo.daniel.pulido
22682674;Gabriel Marcelo;Ragni;gragni@acacoop.com.ar;CDC;CDC Wheelwright;gabriel.marcelo.ragni
29403062;Guido;Regules;gregules@acacoop.com.ar;Insumos;Criadero Pergamino;guido.regules
29439209;Gustavo Alberto;Riviere;griviere@acacoop.com.ar;CDC;CDC Villa del Rosario;gustavo.alberto.riviere
32949874;Gabriel Martin;Rodriguez;grodriguez@acacoop.com.ar;Productos Agricolas;Casa Central;gabriel.martin.rodriguez
11067390;Rodolfo Ernesto;Gross;gross@acacoop.com.ar;Productos Agricolas;Filial Parana;rodolfo.ernesto.gross
32306720;Gustavo Jose;Saburetti;gsaburetti@acacoop.com.ar;Organos de Ejecución Gerencial;Sucursal Rosario;gustavo.jose.saburetti
27193004;Guillermo Felix;Salvatierra;gsalvatierra@acacoop.com.ar;Productos Agricolas;Casa Central;guillermo.felix.salvatierra
28085609;Gaston;Sarachu;gsarachu@acacoop.com.ar;CDC;CDC Olavarria;gaston.sarachu
28580951;Guillermo Sebastian;Ludueña;gsluduena@acacoop.com.ar;Insumos;CDC Oliva;guillermo.sebastian.ludueña
25751724;Gisela Ivana;Suarez;gsuarez@acacoop.com.ar;Puertos;Puerto San Lorenzo;gisela.ivana.suarez
23206793;Gabriel Roberto;Torres;gtorres@acacoop.com.ar;CDC;CDC Canals;gabriel.roberto.torres
8559881;Hector;Guiguez;guiguez@acacoop.com.ar;Adm. y Finanzas;Casa Central;hector.guiguez
27738353;German Pablo;Valvecchia;gvalvecchia@acacoop.com.ar;Productos Agricolas;Casa Central;german.pablo.valvecchia
21883071;Guillermo Raul;Villalba;gvillalba@acacoop.com.ar;Adm. y Finanzas;Casa Central;guillermo.raul.villalba
27600018;Hugo Hernan;Coronel;hcoronel@acacoop.com.ar;Productos Agricolas;Filial Santa Fe;hugo.hernan.coronel
13548935;Horacio Ricardo;Duarte;hduarte@acacoop.com.ar;CDC;CDC La Chispa;horacio.ricardo.duarte
29776827;Cristian Hector;Hejler;herranz@acacoop.com.ar;CDC;CDC Villa Bordeu;cristian.hector.hejler
24586798;Guillermo Jose;Herranz;herranz@acacoop.com.ar;Productos Agricolas;Sucursal Rosario;guillermo.jose.herranz
27739027;Hector Abel;Freire;hfreire@acacoop.com.ar;Organos de Ejecución Gerencial;Casa Central;hector.abel.freire
27585686;Hugo Ariel;Gauna;hgauna@acacoop.com.ar;Puertos;Puertos Vilelas;hugo.ariel.gauna
28249133;Maria Veronica;Hillar;hillar@acacoop.com.ar;CDC;Sucursal Cordoba;maria.veronica.hillar
17399941;Hugo Oscar;Paz;hpaz@acacoop.com.ar;Insumos;Fábrica San Nicolás;hugo.oscar.paz
17559649;Hugo Eduardo;Ramirez;hramirez@acacoop.com.ar;Puertos;Puerto San Lorenzo;hugo.eduardo.ramirez
16585426;Hector;Tellechea;htellechea@acacoop.com.ar;Puertos;Puerto Quequen;hector.tellechea
11930774;Jose Luis;Ibaldi;ibaldi@acacoop.com.ar;Adm. y Finanzas;Sucursal Bahía Blanca;jose.luis.ibaldi
26230848;Isaac;Gonzalez;igonzalez@acacoop.com.ar;Puertos;Casa Central;isaac.gonzalez
32443866;Ivan Nicolas;Litvinov;ilitvinov@acacoop.com.ar;Insumos;Planta Campana;ivan.nicolas.litvinov
33435256;Ivan Javier;Marinsalta Vazquez;imarinsalta@acacoop.com.ar;Adm. y Finanzas;Casa Central;ivan.javier.marinsalta.vazquez
20378803;Ignacio Daniel;Montenegro;imontenegro@acacoop.com.ar;Insumos;Criadero Pergamino;ignacio.daniel.montenegro
20617134;Hector Gerardo;Conde;imprentaaca@acacoop.com.ar;Adm. y Finanzas;Casa Central - Imprenta;hector.gerardo.conde
17823726;Sergio Jorge;Noceti;imprentaaca@acacoop.com.ar;Adm. y Finanzas;Casa Central - Imprenta;sergio.jorge.noceti
10228183;Julio Cesar;Iocca;iocca@acacoop.com.ar;Productos Agricolas;Casa Central;julio.cesar.iocca
27729537;Ivana Valeria;Primo;iprimo@acacoop.com.ar;Insumos;CDC Iriarte;ivana.valeria.primo
14348330;Francisco Jose;Isaia;isaia@acacoop.com.ar;Adm. y Finanzas;Sucursal Cordoba;francisco.jose.isaia
36064867;Ivana;Sanchez;isanchez@acacoop.com.ar;Adm. y Finanzas;Casa Central;ivana.sanchez
27427442;Iris Soledad;Tamain;itamain@acacoop.com.ar;Adm. y Finanzas;Sucursal Cordoba;iris.soledad.tamain
31710105;Juan Ignacio;Alman Bornes;jalmanbornes@acacoop.com.ar;Adm. y Finanzas;Casa Central;juan.ignacio.alman.bornes
29248846;Juan Ignacio;Andreetta;jandreetta@acacoop.com.ar;Adm. y Finanzas;Casa Central;juan.ignacio.andreetta
27971257;Juan Pablo;Araguez;jaraguez@acacoop.com.ar;Productos Agricolas;Sucursal Rosario;juan.pablo.araguez
24025761;Juan Ramon;Arias;jarias@acacoop.com.ar;Insumos;Planta Campana;juan.ramon.arias
20675762;Julio Antonio;Bellofiglio;jbellofiglio@acacoop.com.ar;Insumos;Planta Campana;julio.antonio.bellofiglio
27515505;Josefina;Blanco;jblanco@acacoop.com.ar;Productos Agricolas;Sucursal Rosario;josefina.blanco
17913837;Juan Carlos;Bottazzi;jbottazzi@acacoop.com.ar;Insumos;CDC Cañada de Gomez;juan.carlos.bottazzi
27050479;Jose Francisco;Bretti Mandarano;jbretti@acacoop.com.ar;Organos de Ejecución Gerencial;Casa Central;jose.francisco.bretti.mandarano
34089856;Jonatan David;Campodonico;jcampodonico@acacoop.com.ar;CDC;CDC Carlos M. Naón;jonatan.david.campodonico
12193849;Juan Carlos;Corrao;jccorrao@acacoop.com.ar;Productos Agricolas;Filial Junin;juan.carlos.corrao
92751388;Juliana Simone;Cicognani;jcicognani@acacoop.com.ar;Direccion y Asesoramiento;Casa Central;juliana.simone.cicognani
13464602;Julio César;Puentes;jcpuentes@acacoop.com.ar;Insumos;Planta Campana;julio.césar.puentes
20042907;Juan Carlos;Rodriguez;jcrodriguez@acacoop.com.ar;Productos Agricolas;Puerto Quequen;juan.carlos.rodriguez
8428765;Jose Carlos;De Alberti;jdealberti@acacoop.com.ar;CDC;Sin Asignación Específica;jose.carlos.de.alberti
11373970;Juan Carlos;Diaz;jdiaz@acacoop.com.ar;Insumos;Planta Campana;juan.carlos.diaz
18350972;Jose Maria;Lecuna;jdiaz@acacoop.com.ar;Insumos;Fábrica San Nicolás;jose.maria.lecuna
26456218;Juan Manuel;Drago;jdrago@acacoop.com.ar;Insumos;Casa Central;juan.manuel.drago
30026483;Javier;Fermani;jfermani@acacoop.com.ar;Insumos;Fábrica San Nicolás;javier.fermani
30789151;Juan Luis;Franchini;jfranchini@acacoop.com.ar;CDC;CDC Gualeguaychu;juan.luis.franchini
26411621;Jorge Diego;Gonzalez;jgonzalez@acacoop.com.ar;Adm. y Finanzas;Casa Central;jorge.diego.gonzalez
29948875;Luis Javier;Herrera;jherrera@acacoop.com.ar;Productos Agricolas;Gral. Pico;luis.javier.herrera
30334538;Juan Pablo;Kosancic;jkosancic@acacoop.com.ar;Adm. y Finanzas;Casa Central;juan.pablo.kosancic
17583500;Javier Omar;Ludueña;jluduena@acacoop.com.ar;CDC;CDC Despeñaderos;javier.omar.ludueña
24672197;Juan Pablo;Marcello;jmarcello@acacoop.com.ar;Productos Agricolas;Sucursal Rosario;juan.pablo.marcello
32824321;Jonatan Sebastian;Marco;jmarco@acacoop.com.ar;Productos Agricolas;Casa Central;jonatan.sebastian.marco
32619322;Jonatan Exequiel;Medina;jmedina@acacoop.com.ar;Productos Agricolas;Filial Parana;jonatan.exequiel.medina
31435041;Jose Maria;Mendez;jmendez@acacoop.com.ar;CDC;CDC Totoras;jose.maria.mendez
25012653;Javier Edgardo;Mendi;jmendi@acacoop.com.ar;CDC;CDC La Chispa;javier.edgardo.mendi
22438433;Jose Maria;Monti;jmonti@acacoop.com.ar;Insumos;CDC Cañada de Gomez;jose.maria.monti
28832609;Juan Pablo;Morales;jmorales@acacoop.com.ar;Productos Agricolas;Sucursal Cordoba;juan.pablo.morales
11923603;Jose Maria;Sosa;jmsosa@acacoop.com.ar;Insumos;Sin Asignación Específica;jose.maria.sosa
27326655;Jorgelina Mariela;Suarez;jmsuarez@acacoop.com.ar;Organos de Ejecución Gerencial;Casa Central;jorgelina.mariela.suarez
12719700;Joaquin Eduardo;Navarro;jnavarro@acacoop.com.ar;Adm. y Finanzas;Casa Central;joaquin.eduardo.navarro
13659999;Jorge Daniel;Orcaizaguirre;jorcaizaguirre@acacoop.com.ar;Insumos;Planta Campana;jorge.daniel.orcaizaguirre
32801963;Juan Pablo;Pace;jpace@acacoop.com.ar;Productos Agricolas;Sucursal Rosario;juan.pablo.pace
27521813;Javier Dario;Picatto;jpicatto@acacoop.com.ar;CDC;CDC Villa del Rosario;javier.dario.picatto
24389595;Claudio Julio;Ponkosky;jponkosky@acacoop.com.ar;CDC;CDC Winifreda;claudio.julio.ponkosky
25599143;Jorge Osvaldo;Recalde;jrecalde@acacoop.com.ar;CDC;CDC Gualeguay;jorge.osvaldo.recalde
30883338;Juan Pablo;Rey;jrey@acacoop.com.ar;Productos Agricolas;Sucursal Bahía Blanca;juan.pablo.rey
22283405;Javier Marcos;Rodriguez;jrodriguez@acacoop.com.ar;Puertos;Puerto San Lorenzo;javier.marcos.rodriguez
16535106;Jose Luis;Ronchetti;jronchetti@acacoop.com.ar;Insumos;Fábrica San Nicolás;jose.luis.ronchetti
24732091;Jorge Alberto;Rosselli Scilla;jrosselli@acacoop.com.ar;Insumos;CDC Olavarria;jorge.alberto.rosselli.scilla
16370121;Juan Pablo;Serre;jserre@acacoop.com.ar;Puertos;Puerto Quequen;juan.pablo.serre
12244869;Jose Alberto;Suarez;jsuarez@acacoop.com.ar;Productos Agricolas;Sucursal Cordoba;jose.alberto.suarez
34109714;Juan Pablo;Taricco;jtaricco@acacoop.com.ar;CDC;Sucursal Rosario;juan.pablo.taricco
16556406;Alberto Jose;Tripodi;jtripodi@acacoop.com.ar;Insumos;Planta Campana;alberto.jose.tripodi
27498534;Juan Ignacio;Vallet;jvallet@acacoop.com.ar;Productos Agricolas;Sucursal Rosario;juan.ignacio.vallet
31610308;Juan Pablo;Vera Singh;jvera@acacoop.com.ar;Productos Agricolas;Sucursal Rosario;juan.pablo.vera.singh
31302771;Joaquin;Vigna Hernandez;jvigna@acacoop.com.ar;CDC;CDC La Chispa;joaquin.vigna.hernandez
33576355;Juan Emmanuel;Vomero;jvomero@acacoop.com.ar;Productos Agricolas;Puerto Quequen;juan.emmanuel.vomero
22436079;Karina Fabiana;Sosa;ksosa@acacoop.com.ar;Insumos;Planta Campana;karina.fabiana.sosa
28024056;Roberto Carlos;Laite;laite@acacoop.com.ar;Productos Agricolas;Sucursal Rosario;roberto.carlos.laite
30789328;Luis Guillermo;Alvarez;lalvarez@acacoop.com.ar;CDC;Casa Central;luis.guillermo.alvarez
27183992;Lucas Damian;Amboage;lamboage@acacoop.com.ar;Organos de Ejecución Gerencial;Casa Central;lucas.damian.amboage
11046300;Guillermo Aldo;Latorre;latorre@acacoop.com.ar;Productos Agricolas;Casa Central;guillermo.aldo.latorre
29035045;Luciano Oscar;Bajo;lbajo@acacoop.com.ar;CDC;CDC Rufino;luciano.oscar.bajo
25582905;Leopoldo Gaston;Bertero;lbertero@acacoop.com.ar;CDC;CDC Villegas;leopoldo.gaston.bertero
28668143;Leonardo;Cabrera;lcabrera@acacoop.com.ar;Insumos;Criadero Pergamino;leonardo.cabrera
31069061;Laura;Cambursano;lcambursano@acacoop.com.ar;Insumos;Sucursal Rosario;laura.cambursano
28496095;Leonel Oscar;Chinellato;lchinellato@acacoop.com.ar;Puertos;Puerto San Lorenzo;leonel.oscar.chinellato
31313644;Luis Esteban;Cimini;lcimini@acacoop.com.ar;CDC;Sucursal Cordoba;luis.esteban.cimini
25078162;Lucas Octavio;Degiovanni;ldegiovanni@acacoop.com.ar;Productos Agricolas;Sucursal Cordoba;lucas.octavio.degiovanni
26085051;Leandro Ariel;Del Rio;ldelrio@acacoop.com.ar;CDC;Sucursal Bahía Blanca;leandro.ariel.del.rio
28433259;Lucrecia;De Villa;ldevilla@acacoop.com.ar;CDC;Casa Central;lucrecia.de.villa
31061924;Leandro Gabriel;Di Giovanni;ldigiovanni@acacoop.com.ar;Comercio Exterior;Casa Central;leandro.gabriel.di.giovanni
16212569;Marcelo Andres;Leal;leal@acacoop.com.ar;Organos de Ejecución Gerencial;Casa Central;marcelo.andres.leal
14976725;Maria Monica;Leonardo;leonardo@acacoop.com.ar;Comercio Exterior;Casa Central;maria.monica.leonardo
17957657;Liliana Noemi;Fontanillo;lfontanillo@acacoop.com.ar;CDC;CDC COLONIA BARON;liliana.noemi.fontanillo
22200006;Lucas Miguel;Gattiker;lgattiker@acacoop.com.ar;Insumos;Planta Campana;lucas.miguel.gattiker
29097955;Lucrecia Maria;Giuliani;lgiuliani@acacoop.com.ar;Comercio Exterior;Casa Central;lucrecia.maria.giuliani
22296631;Leandro Daniel;Gonzalez;lgonzalez@acacoop.com.ar;Comercio Exterior;Sucursal Rosario;leandro.daniel.gonzalez
28547826;Luciano Guido;Scaiano;lgscaiano@acacoop.com.ar;Adm. y Finanzas;Casa Central;luciano.guido.scaiano
37278666;Lucia Emilia;Gualdieri;lgualdieri@acacoop.com.ar;Adm. y Finanzas;Casa Central;lucia.emilia.gualdieri
29550609;Leandro Gaston;Kain;lkain@acacoop.com.ar;Productos Agricolas;Filial Tres Arroyos;leandro.gaston.kain
32825149;Lucas Sebastian;Ledesma;lledesma@acacoop.com.ar;Comercio Exterior;Deposito de Miel;lucas.sebastian.ledesma
22576781;Claudia Marisol;Llobet;llobet@acacoop.com.ar;Insumos;Criadero Pergamino;claudia.marisol.llobet
28987391;Leticia Viviana;Lombardo Gonzalez;llombardo@acacoop.com.ar;Insumos;Casa Central;leticia.viviana.lombardo.gonzalez
25537162;Lorena Maricel;Maidana;lmaidana@acacoop.com.ar;Insumos;Criadero Pergamino;lorena.maricel.maidana
26045037;Lucas;Maritano;lmaritano@acacoop.com.ar;CDC;Sucursal Rosario;lucas.maritano
31341921;Lorena Del Valle;Maydana;lmaydana@acacoop.com.ar;CDC;CDC Villa del Rosario;lorena.del.valle.maydana
14893684;Jorge Alberto;Arrigoni;lmayor@acacoop.com.ar;CDC;Planta Rio III;jorge.alberto.arrigoni
27174890;Roberto Leonel;Mayor;lmayor@acacoop.com.ar;CDC;Piedritas;roberto.leonel.mayor
27965225;Leonel Alexis;Migliorelli;lmigliorelli@acacoop.com.ar;Productos Agricolas;Sucursal Rosario;leonel.alexis.migliorelli
33728069;Leandro Gabriel;Novo;lnovo@acacoop.com.ar;Adm. y Finanzas;Sucursal Cordoba;leandro.gabriel.novo
10898489;Carlos Alberto;Lopez Rieu;lopez@acacoop.com.ar;Productos Agricolas;Casa Central;carlos.alberto.lopez.rieu
25578233;Sergio Hernan;Lopez;lopezsergio@acacoop.com.ar;Insumos;Casa Central;sergio.hernan.lopez
22014481;Leandro Ignacio;Ortis;lortis@acacoop.com.ar;Insumos;Criadero Cabildo;leandro.ignacio.ortis
20820633;Karina Beatriz;Saldias;lortis@acacoop.com.ar;Insumos;Criadero Pergamino;karina.beatriz.saldias
33501685;Leandro Marcelo;Paulus;lpaulus@acacoop.com.ar;Productos Agricolas;Sucursal Cordoba;leandro.marcelo.paulus
13461849;Liliana Elvira;Pobor;lpobor@acacoop.com.ar;Puertos;Fca. Rio Tercero;liliana.elvira.pobor
12132648;Luis Alcides;Quiroz;lquiroz@acacoop.com.ar;Puertos;Puerto San Lorenzo;luis.alcides.quiroz
30317419;Lucas Martin;Salas;lsalas@acacoop.com.ar;Insumos;Criadero Pergamino;lucas.martin.salas
31009641;Leandro Diego;Scaiano;lscaiano@acacoop.com.ar;Adm. y Finanzas;Casa Central;leandro.diego.scaiano
21504807;Luciano Jose;Sosa;lsosa@acacoop.com.ar;Insumos;Sin Asignación Específica;luciano.jose.sosa
32084834;Leonardo Daniel;Tisera;ltisera@acacoop.com.ar;CDC;CDC Oliva;leonardo.daniel.tisera
31556860;Laura Vanessa;Cabrera;lvcabrera@acacoop.com.ar;Adm. y Finanzas;Sucursal Cordoba;laura.vanessa.cabrera
32150133;Marcos;Acuña Heredia;macuna@acacoop.com.ar;Productos Agricolas;Sucursal Rosario;marcos.acuña.heredia
20745301;Marcelo Adrian;Albornoz;malbornoz@acacoop.com.ar;Adm. y Finanzas;Sucursal Rosario;marcelo.adrian.albornoz
10983784;Guillermo Lucio;Malcorra;malcorra@acacoop.com.ar;Productos Agricolas;Casa Central;guillermo.lucio.malcorra
31941834;Marilina;Alimenti;malimenti@acacoop.com.ar;Adm. y Finanzas;Sucursal Bahía Blanca;marilina.alimenti
14970568;Aquiles Eliseo;Mantovani;mantovani@acacoop.com.ar;Productos Agricolas;Filial Parana;aquiles.eliseo.mantovani
13980213;Sergio Omar;Marco;marco@acacoop.com.ar;Productos Agricolas;Casa Central;sergio.omar.marco
10664787;Rodolfo Jose;Maresca;maresca@acacoop.com.ar;Direccion y Asesoramiento;Casa Central;rodolfo.jose.maresca
28172157;Marcos Antonio;Rodriguez;marodriguez@acacoop.com.ar;CDC;CDC Pergamino;marcos.antonio.rodriguez
13100340;Miguel Angel;Artigas;martigas@acacoop.com.ar;Insumos;Criadero Pergamino;miguel.angel.artigas
10988910;Gaston Angel;Martin;martin@acacoop.com.ar;Adm. y Finanzas;Sucursal Rosario;gaston.angel.martin
11190963;Juan Carlos;Martinez;martinez@acacoop.com.ar;Adm. y Finanzas;Sucursal Cordoba;juan.carlos.martinez
12434710;Oscar Alejandro;Masague;masague@acacoop.com.ar;Insumos;Criadero Pergamino;oscar.alejandro.masague
12522241;Eduardo Omar;Mataffo;mataffo@acacoop.com.ar;Productos Agricolas;Sucursal Rosario;eduardo.omar.mataffo
24953668;Mauro Alberto;Lopez De Maturana;maturana@acacoop.com.ar;Productos Agricolas;Filial Santa Fe;mauro.alberto.lopez.de.maturana
8531372;Angel Fidel;Rodriguez Maza;maza@acacoop.com.ar;Productos Agricolas;Sucursal Cordoba;angel.fidel.rodriguez.maza
29542034;Matias;Bancalari Sola;mbancalarisola@acacoop.com.ar;Insumos;Casa Central;matias.bancalari.sola
32306702;Maria Eugenia;Belardinelli;mbelardinelli@acacoop.com.ar;CDC;CDC Bragado;maria.eugenia.belardinelli
30601984;Melisa Gabriela;Bergia;mbergia@acacoop.com.ar;CDC;CDC Oliva;melisa.gabriela.bergia
30379215;Mariana;Bistoletti;mbistoletti@acacoop.com.ar;Comercio Exterior;Deposito de Miel;mariana.bistoletti
31384890;Matias Ariel;Calderai;mcalderai@acacoop.com.ar;Insumos;CDC San Genaro;matias.ariel.calderai
30830843;Martin;Caligiuri;mcaligiuri@acacoop.com.ar;Insumos;CDC Bragado;martin.caligiuri
37932370;Maria Milagros;Cardenas;mcardenas@acacoop.com.ar;Adm. y Finanzas;Casa Central;maria.milagros.cardenas
22502791;Maria Patricia;Carini;mcarini@acacoop.com.ar;Direccion y Asesoramiento;Casa Central;maria.patricia.carini
21604124;Daniel Martin Ivan;Caro;mcaro@acacoop.com.ar;Puertos;Puerto Quequen;daniel.martin.ivan.caro
29151595;Matias Eduardo;Cartier;mcartier@acacoop.com.ar;Adm. y Finanzas;Casa Central;matias.eduardo.cartier
30561969;Matias;Charmandarian;mcharmandarian@acacoop.com.ar;Insumos;Fábrica San Nicolás;matias.charmandarian
31735820;Mateo Pascual;Cittadini;mcittadini@acacoop.com.ar;Insumos;CDC Oliva;mateo.pascual.cittadini
24194192;Marcelo Alejandro;Colli;mcolli@acacoop.com.ar;CDC;CDC San Genaro;marcelo.alejandro.colli
28253540;Mariano Alejandro;Colon;mcolon@acacoop.com.ar;Organos de Ejecución Gerencial;Casa Central;mariano.alejandro.colon
24558964;Martin Gabriel;Coppari;mcoppari@acacoop.com.ar;CDC;Oficina Cruz Alta;martin.gabriel.coppari
33149400;Maximiliano Damian;Cordero;mcordero@acacoop.com.ar;Adm. y Finanzas;Casa Central;maximiliano.damian.cordero
25620892;Mauro Alberto;Correnti;mcorrenti@acacoop.com.ar;Puertos;Planta Selva;mauro.alberto.correnti
23825028;Marcos Antonio;Cortez;mcortez@acacoop.com.ar;Productos Agricolas;Sucursal Cordoba;marcos.antonio.cortez
32348252;Maximiliano;Cuesta;mcuesta@acacoop.com.ar;CDC;CDC Rufino;maximiliano.cuesta
30831952;Maria Virginia;Datti Cogoi;mdatti@acacoop.com.ar;Adm. y Finanzas;Sucursal Rosario;maria.virginia.datti.cogoi
29493255;Maria Soledad;De Angelo;mdeangelo@acacoop.com.ar;CDC;CDC Sargento Cabral;maria.soledad.de.angelo
21774093;Marisa Lujan;Della Maddalena;mdellamaddalena@acacoop.com.ar;Insumos;Criadero Pergamino;marisa.lujan.della.maddalena
20244853;Monica Ines;Devic;mdevic@acacoop.com.ar;Productos Agricolas;Filial Santa Fe;monica.ines.devic
27266219;Maximiliano Jesus Maria;De Zan;mdezan@acacoop.com.ar;Insumos;CDC Gualeguay;maximiliano.jesus.maria.de.zan
30275546;Matias Florencio A;Dominguez;mdominguez@acacoop.com.ar;Comercio Exterior;Casa Central;matias.florencio.a.dominguez
34755427;Matias;Dura;mdura@acacoop.com.ar;Organos de Ejecución Gerencial;Casa Central;matias.dura
32648053;Matias Emanuel;Gomez;megomez@acacoop.com.ar;CDC;CDC Cañada de Gomez;matias.emanuel.gomez
17594472;Lilian;Mengarelli;mengarelli@acacoop.com.ar;Adm. y Finanzas;Sucursal Bahía Blanca;lilian.mengarelli
12130475;Horacio Alejandro;Messi;messi@acacoop.com.ar;Productos Agricolas;Puerto Quequen;horacio.alejandro.messi
22095733;Marcelo Ignacio;Facciano;mfacciano@acacoop.com.ar;CDC;CDC San Francisco;marcelo.ignacio.facciano
28433094;Mariano Federico;Fava;mfava@acacoop.com.ar;Insumos;Sin Asignación Específica;mariano.federico.fava
30744802;Mariana;Fernandez De La Iglesia;mfernandez@acacoop.com.ar;Insumos;Casa Central;mariana.fernandez.de.la.iglesia
16273058;Marisa Ethel;Freilij;mfreilij@acacoop.com.ar;Insumos;Planta Campana;marisa.ethel.freilij
23351945;Marcelo Javier;Garcia;mgarcia@acacoop.com.ar;Comercio Exterior;Casa Central;marcelo.javier.garcia
32553034;Magali Vanina;Gette;mgette@acacoop.com.ar;Adm. y Finanzas;Casa Central;magali.vanina.gette
11678517;Marta Graciela;Giacoia;mgiacoia@acacoop.com.ar;Insumos;Fábrica San Nicolás;marta.graciela.giacoia
29311856;Maria Florencia;Gismondi;mgismondi@acacoop.com.ar;Adm. y Finanzas;Sucursal Rosario;maria.florencia.gismondi
28671703;Maria Ana;Gobelli;mgobelli@acacoop.com.ar;CDC;CDC Villegas;maria.ana.gobelli
29037466;Mario Daniel;Gomez;mgomez@acacoop.com.ar;Productos Agricolas;Filial Parana;mario.daniel.gomez
17105085;Maria Cristina;Grimaldi;mgrimaldi@acacoop.com.ar;CDC;CDC Sargento Cabral;maria.cristina.grimaldi
26456333;Martin Sebastian;Gutierrez;mgutierrez@acacoop.com.ar;Productos Agricolas;Sucursal Bahía Blanca;martin.sebastian.gutierrez
30960705;Maria Jose;Rodriguez;mjrodriguez@acacoop.com.ar;CDC;CDC Pehuajo;maria.jose.rodriguez
10773782;Mercedes Marta;Jurich;mjurich@acacoop.com.ar;Productos Agricolas;Sucursal Cordoba;mercedes.marta.jurich
26184639;Mauricio;Lell;mlell@acacoop.com.ar;CDC;Sucursal Rosario;mauricio.lell
27818426;Mariela Andrea;Lopez;mlopez@acacoop.com.ar;Comercio Exterior;Deposito de Miel;mariela.andrea.lopez
25288576;Maria Elena;Loss;mloss@acacoop.com.ar;Insumos;Planta Campana;maria.elena.loss
11798331;Mario Alberto;Marchi;mmarchi@acacoop.com.ar;Productos Agricolas;Filial Pergamino;mario.alberto.marchi
31809639;Maria Fernanda;Mariño;mmarino@acacoop.com.ar;Adm. y Finanzas;Filial Tucuman;maria.fernanda.mariño
28030960;Marina Soledad;Fernandez Martino;mmartino@acacoop.com.ar;Comercio Exterior;Casa Central;marina.soledad.fernandez.martino
27943189;Martin Vicente Jos;Mastrangelo;mmastrangelo@acacoop.com.ar;Productos Agricolas;Filial Junin;martin.vicente.jos.mastrangelo
27291793;Mauro Sebastian;Meier;mmeier@acacoop.com.ar;Insumos;Criadero Pergamino;mauro.sebastian.meier
34717987;Marcelo Ignacio;Mendoza Negro;mmendoza@acacoop.com.ar;Adm. y Finanzas;Casa Central;marcelo.ignacio.mendoza.negro
28652233;Mauro Ramiro;Murua;mmurua@acacoop.com.ar;Productos Agricolas;Sucursal Cordoba;mauro.ramiro.murua
35111745;Mariano Nahuel;Gonzalez;mngonzalez@acacoop.com.ar;Organos de Ejecución Gerencial;Casa Central;mariano.nahuel.gonzalez
38254060;Marcos Agustin;Nostro;mnostro@acacoop.com.ar;Direccion y Asesoramiento;Casa Central;marcos.agustin.nostro
28961567;Maria Laura;Ojeda;mojeda@acacoop.com.ar;Productos Agricolas;Filial Parana;maria.laura.ojeda
12558816;Juan Eduardo;Molina;molina@acacoop.com.ar;Direccion y Asesoramiento;Casa Central;juan.eduardo.molina
29423351;Marcos Javier;Otero;motero@acacoop.com.ar;CDC;CDC Serrano;marcos.javier.otero
20579680;Marcelo Fabian;Paladino;mpaladino@acacoop.com.ar;CDC;CDC Villegas;marcelo.fabian.paladino
16064860;Mirta Adriana;Pecorelli;mpecorelli@acacoop.com.ar;Adm. y Finanzas;Casa Central;mirta.adriana.pecorelli
28626562;Mario Alberto;Peppino;mpeppino@acacoop.com.ar;CDC;CDC Tio Pujio;mario.alberto.peppino
27179783;Maria Luz;Porto;mporto@acacoop.com.ar;Comercio Exterior;Casa Central;maria.luz.porto
22490519;Dario Marcelo;Pratdessus;mpratdessus@acacoop.com.ar;Productos Agricolas;Sucursal Bahía Blanca;dario.marcelo.pratdessus
30924836;Melina Victoria;Priano;mpriano@acacoop.com.ar;Insumos;Casa Central;melina.victoria.priano
27120149;Mariela Mabel;Raffo;mraffo@acacoop.com.ar;Direccion y Asesoramiento;Casa Central;mariela.mabel.raffo
31205053;Matias Ezequiel;Ramunno;mramunno@acacoop.com.ar;Productos Agricolas;Sucursal Rosario;matias.ezequiel.ramunno
29618028;Matias Ezequiel;Raparo;mraparo@acacoop.com.ar;CDC;CDC La Chispa;matias.ezequiel.raparo
285619131;Mauricio Carlos Alberto;Rey;mrey@acacoop.com.ar;CDC;CDC Carlos M. Naón;mauricio.carlos.alberto.rey
13643423;Mario Hugo;Rodriguez;mrodriguez@acacoop.com.ar;Insumos;Criadero Pergamino;mario.hugo.rodriguez
17519290;Marcelo Jesus;Rosano;mrosano@acacoop.com.ar;Puertos;Puerto San Lorenzo;marcelo.jesus.rosano
28060335;Mauricio;Rozas;mrozas@acacoop.com.ar;Insumos;Criadero Pergamino;mauricio.rozas
27707567;Martin;Santome;msantome@acacoop.com.ar;Adm. y Finanzas;Casa Central;martin.santome
34172260;Maria Luz;Sanz;msanz@acacoop.com.ar;CDC;CDC Pehuajo;maria.luz.sanz
36829464;Mauro;Scaiano;mscaiano@acacoop.com.ar;Adm. y Finanzas;Casa Central;mauro.scaiano
32271940;Melisa Ailin;Schwerdt;mschwerdt@acacoop.com.ar;Adm. y Finanzas;Sucursal Bahía Blanca;melisa.ailin.schwerdt
24311635;Marisa Fernanda;Soneira;msoneira@acacoop.com.ar;Adm. y Finanzas;Sucursal Rosario;marisa.fernanda.soneira
31153191;Melisa Victoria;Spadaro;mspadaro@acacoop.com.ar;Insumos;Fábrica San Nicolás;melisa.victoria.spadaro
25355902;Mariano Enrique;Tamburini;mtamburini@acacoop.com.ar;Insumos;Planta Campana;mariano.enrique.tamburini
17368285;Gabriela Viviana;Muscio;muscio@acacoop.com.ar;Adm. y Finanzas;Sucursal Rosario;gabriela.viviana.muscio
11803994;Juan Carlos;Musso;musso@acacoop.com.ar;Insumos;Planta Campana;juan.carlos.musso
26268084;Marcelo Pablo;Valerio;mvalerio@acacoop.com.ar;Insumos;Planta Campana;marcelo.pablo.valerio
25237901;Martin Dario;Venancio;mvenancio@acacoop.com.ar;Organos de Ejecución Gerencial;Casa Central;martin.dario.venancio
24344054;Marilina;Zanguitu;mzanguitu@acacoop.com.ar;CDC;Sin Asignación Específica;marilina.zanguitu
22447884;Diego Fernando;Nanni;nanni@acacoop.com.ar;Organos de Ejecución Gerencial;Casa Central;diego.fernando.nanni
29572223;Natalia Beatriz;Aristemuño;naristemuno@acacoop.com.ar;Productos Agricolas;Filial Tres Arroyos;natalia.beatriz.aristemuño
34752825;Noelia Belen;Bessaguet;nbessaguet@acacoop.com.ar;Insumos;Fábrica San Nicolás;noelia.belen.bessaguet
34593028;Natalia;Brutti Paolucci;nbrutti@acacoop.com.ar;Comercio Exterior;Casa Central;natalia.brutti.paolucci
31593692;Noelia Soledad;Calvo;ncalvo@acacoop.com.ar;CDC;Sucursal Cordoba;noelia.soledad.calvo
30394008;Nicolas;Carusso;ncarusso@acacoop.com.ar;Comercio Exterior;Casa Central;nicolas.carusso
34612308;Natan;Braida Fernandez;nfernandez@acacoop.com.ar;Adm. y Finanzas;Casa Central;natan.braida.fernandez
33155336;Nancy Valeria;Gonzalez;ngonzalez@acacoop.com.ar;Organos de Ejecución Gerencial;Casa Central;nancy.valeria.gonzalez
21076176;Natalia Romina;Grinevald;ngrinevald@acacoop.com.ar;Puertos;Puerto San Lorenzo;natalia.romina.grinevald
92344860;Pablo;Nistal;nistal@acacoop.com.ar;Adm. y Finanzas;Sucursal Rosario;pablo.nistal
29516475;Nicolas Daniel;Maggi;nmaggi@acacoop.com.ar;Productos Agricolas;Sucursal Rosario;nicolas.daniel.maggi
34540725;Nicolas Joaquin;Maldonado;nmaldonado@acacoop.com.ar;Productos Agricolas;Sucursal Rosario;nicolas.joaquin.maldonado
29187747;Nicolas;Marquez;nmarquez@acacoop.com.ar;Productos Agricolas;Casa Central;nicolas.marquez
29443452;Nicolas Anibal;Menotti;nmenotti@acacoop.com.ar;Insumos;CDC Totoras;nicolas.anibal.menotti
13255413;Nora;Notaro;nnotaro@acacoop.com.ar;Adm. y Finanzas;Sucursal Rosario;nora.notaro
35994926;Nicolas;Osellame;nosellame@acacoop.com.ar;Comercio Exterior;Casa Central;nicolas.osellame
16076547;Adrian Claudio;Notaro;notaro@acacoop.com.ar;Adm. y Finanzas;Sucursal Rosario;adrian.claudio.notaro
25976940;Natalia Paola;Pavan;npavan@acacoop.com.ar;Productos Agricolas;Sucursal Rosario;natalia.paola.pavan
12210939;Nestor Reinaldo;Rodoni;nrodoni@acacoop.com.ar;Insumos;Planta Campana;nestor.reinaldo.rodoni
23363686;Norberto Miguel;Sarlinga;nsarlinga@acacoop.com.ar;Insumos;Planta Campana;norberto.miguel.sarlinga
17241824;Norma Beatriz;Torres;ntorres@acacoop.com.ar;Insumos;Fábrica San Nicolás;norma.beatriz.torres
29311725;Nicolas Alberto;Viglianco;nviglianco@acacoop.com.ar;CDC;CDC Cañada de Gomez;nicolas.alberto.viglianco
8384528;Segundo Marcial;Alarcon;ofigueroa@acacoop.com.ar;CDC;CDC Pergamino;segundo.marcial.alarcon
30512886;Ruben Oscar;Figueroa;ofigueroa@acacoop.com.ar;Insumos;Planta Campana;ruben.oscar.figueroa
28281666;Omar Alejandro;Fridel;ofridel@acacoop.com.ar;Comercio Exterior;Casa Central;omar.alejandro.fridel
11123865;Osvaldo Raul;Garcia Arrouy;ogarcia@acacoop.com.ar;Direccion y Asesoramiento;Casa Central;osvaldo.raul.garcia.arrouy
16081837;Claudio Milton;Oldano;oldano@acacoop.com.ar;Comercio Exterior;Casa Central;claudio.milton.oldano
11337391;Nelso Antonio;Colombo;oliva_colombo@acacoop.com.ar;CDC;CDC Oliva;nelso.antonio.colombo
13913168;Hector Raul;Donato;oliva_donato@acacoop.com.ar;CDC;CDC Oliva;hector.raul.donato
14697452;Oscar Adolfo;Marques;omarques@acacoop.com.ar;Insumos;Criadero Pergamino;oscar.adolfo.marques
10748612;Oscar;Muzi;omuzi@acacoop.com.ar;Consejo de Adm. - Mesa Directiva;Casa Central;oscar.muzi
20536664;Marcela Andrea;Ordoñez;ordonez@acacoop.com.ar;Direccion y Asesoramiento;Casa Central;marcela.andrea.ordoñez
26222046;Oscar Basilio;Alvarez;oscaralvarez@hotmail.com;Insumos;CDC Carlos M. Naón;oscar.basilio.alvarez
27329831;Cristian Ariel;Oviedo;oviedo@acacoop.com.ar;CDC;Casa Central;cristian.ariel.oviedo
28407021;Leonardo Javier;Palopoli;palopoli@acacoop.com.ar;Productos Agricolas;Sucursal Rosario;leonardo.javier.palopoli
29633766;Andrea Paola;Arias;parias@acacoop.com.ar;Comercio Exterior;Deposito de Miel;andrea.paola.arias
30845508;Pablo Javier;Assales;passales@acacoop.com.ar;Productos Agricolas;Sucursal Cordoba;pablo.javier.assales
29001122;Martin Ariel;Pavarin;pavarin@acacoop.com.ar;Adm. y Finanzas;Sucursal Rosario;martin.ariel.pavarin
27479201;Pablo Daniel;Blanco;pblanco@acacoop.com.ar;Direccion y Asesoramiento;Casa Central;pablo.daniel.blanco
28076816;Patricia Mariel;Bonfiglio;pbonfiglio@acacoop.com.ar;Direccion y Asesoramiento;Casa Central;patricia.mariel.bonfiglio
28172130;Pablo Andres;Carullo;pcarullo@acacoop.com.ar;Insumos;CDC Cañada de Gomez;pablo.andres.carullo
29520782;Pablo Daniel;Contreras;pcontreras@acacoop.com.ar;CDC;CDC Canals;pablo.daniel.contreras
12258980;Ana Maria;Pecorelli;pecorelli@acacoop.com.ar;Organos de Ejecución Gerencial;Casa Central;ana.maria.pecorelli
13601393;Fernando Daniel;Pensa;pensa@acacoop.com.ar;Puertos;Puerto Quequen;fernando.daniel.pensa
13586768;Aurelia Claudia;Perez;perez@acacoop.com.ar;Adm. y Finanzas;Sucursal Cordoba;aurelia.claudia.perez
12381024;Jorge Alberto;Perig;perig@acacoop.com.ar;Puertos;Puerto San Lorenzo;jorge.alberto.perig
12568466;Oscar Osvaldo;Perino;perino@acacoop.com.ar;Productos Agricolas;Puerto Quequen;oscar.osvaldo.perino
14081602;Eduardo Carlos;Pesce;pesce@acacoop.com.ar;Productos Agricolas;Sucursal Rosario;eduardo.carlos.pesce
28020571;Pablo Sebastian;Etcheverry;petcheverry@acacoop.com.ar;Insumos;CDC Laboulaye;pablo.sebastian.etcheverry
27020651;Pablo Alberto;Galeano;pgaleano@acacoop.com.ar;Insumos;Fábrica San Nicolás;pablo.alberto.galeano
28101420;Pablo Andres;Granados;pgranados@acacoop.com.ar;Adm. y Finanzas;Sucursal Rosario;pablo.andres.granados
31087577;Pablo Valentin;Gutierrez;pgutierrez@acacoop.com.ar;Productos Agricolas;Gral. Pico;pablo.valentin.gutierrez
20598117;Patricia Nancy;Huerta;phuerta@acacoop.com.ar;Comercio Exterior;Casa Central;patricia.nancy.huerta
24672188;Pablo Jesus;Ingani;pingani@acacoop.com.ar;Productos Agricolas;Sucursal Rosario;pablo.jesus.ingani
10630135;Juan Carlos;Piotto;piotto@acacoop.com.ar;Puertos;Puerto San Lorenzo;juan.carlos.piotto
14440823;Adrian;Pizzo;pizzo@acacoop.com.ar;Puertos;Puerto San Lorenzo;adrian.pizzo
24897888;Pedro Sebastian;Latini;platini@acacoop.com.ar;Adm. y Finanzas;Casa Central;pedro.sebastian.latini
13537545;Nori Graciela;Pleitavino;pleitavino@acacoop.com.ar;Productos Agricolas;Sucursal Cordoba;nori.graciela.pleitavino
8290780;Anibal Oscar;Plenza;plenza@acacoop.com.ar;Adm. y Finanzas;Sucursal Rosario;anibal.oscar.plenza
21023554;Patricia Gabriela;Levy;plevy@acacoop.com.ar;Insumos;Pergamino - Suelo Fértil;patricia.gabriela.levy
29851462;Pablo David;Maffei;pmaffei@acacoop.com.ar;CDC;CDC Pilar;pablo.david.maffei
17520005;Pablo Guillermo;Martorelli;pmartorelli@acacoop.com.ar;Puertos;Puerto Quequen;pablo.guillermo.martorelli
28335400;Pablo;Moretti;pmoretti@acacoop.com.ar;Puertos;Puerto San Lorenzo;pablo.moretti
25171137;Pablo Jose;Perretta;pperretta@acacoop.com.ar;Adm. y Finanzas;Sucursal Rosario;pablo.jose.perretta
29649004;Pablo Sebastian;Piccini;ppiccini@acacoop.com.ar;Productos Agricolas;Gral. Pico;pablo.sebastian.piccini
21570861;Mauricio Sebastian;Pre;pre@acacoop.com.ar;Organos de Ejecución Gerencial;Casa Central;mauricio.sebastian.pre
23525841;Marco Eugenio;Prenna;prenna@acacoop.com.ar;Insumos;Casa Central;marco.eugenio.prenna
21488258;Pedro Oscar;Rodriguez;prodriguez@acacoop.com.ar;Insumos;Fábrica San Nicolás;pedro.oscar.rodriguez
25197638;Pablo Martin;Sanchez Gallo;psanchezgallo@acacoop.com.ar;Insumos;Filial Santa Fe;pablo.martin.sanchez.gallo
23881647;Pablo;Scardaoni;pscardaoni@acacoop.com.ar;Insumos;Casa Central;pablo.scardaoni
29945447;Paulo Daniel;Schiavi;pschiavi@acacoop.com.ar;CDC;CDC Tio Pujio;paulo.daniel.schiavi
30563937;Pablo Martin;Spektor;pspektor@acacoop.com.ar;Productos Agricolas;Casa Central;pablo.martin.spektor
24524312;Pablo Laureano;Trotta;ptrotta@acacoop.com.ar;Insumos;Criadero Pergamino;pablo.laureano.trotta
92207051;Ruben Waldemar;Pudiza Thievent;pudiza@acacoop.com.ar;Adm. y Finanzas;Casa Central;ruben.waldemar.pudiza.thievent
33328440;Pablo Anibal;Valdez;pvaldez@acacoop.com.ar;CDC;CDC Olavarria;pablo.anibal.valdez
24210902;Cristian Pablo;Vaz;pvaz@acacoop.com.ar;Insumos;Fábrica San Nicolás;cristian.pablo.vaz
33862259;Pablo Javier;Vilariño;pvilarino@acacoop.com.ar;Organos de Ejecución Gerencial;Casa Central;pablo.javier.vilariño
33070830;Pedro Pablo;Vinzia;pvinzia@acacoop.com.ar;Adm. y Finanzas;Sucursal Rosario;pedro.pablo.vinzia
31653585;Ramiro;Aguilera;raguilera@acacoop.com.ar;CDC;CDC Hughes;ramiro.aguilera
14345740;Roberto Antonio;Repetto;rarepetto@fibertel.com.ar;CDC;Pergamino;roberto.antonio.repetto
12857793;Roberto;Barreiro;rbarreiro@acacoop.com.ar;CDC;CDC Pergamino;roberto.barreiro
25140199;Roberto Andres;Beaurain;rbeaurain@acacoop.com.ar;Insumos;Planta Campana;roberto.andres.beaurain
26692947;Roman Carlos;Campero;rcampero@acacoop.com.ar;Adm. y Finanzas;Sucursal Rosario;roman.carlos.campero
32170197;Ricardo Nestor;Campos;rcampos@acacoop.com.ar;CDC;CDC Las Flores;ricardo.nestor.campos
16004234;Oscar Antonio;Chavez;rchavez@acacoop.com.ar;Insumos;Planta Campana;oscar.antonio.chavez
12512660;Ruben Ernesto;Chavez;rchavez@acacoop.com.ar;CDC;CDC Bragado;ruben.ernesto.chavez
16595205;Roberto Adrian;Chunco;rchunco@acacoop.com.ar;Insumos;Fábrica San Nicolás;roberto.adrian.chunco
24889840;Roberto Carlos;Del Gobbo;rdelgobbo@acacoop.com.ar;Insumos;Criadero Cabildo;roberto.carlos.del.gobbo
16925619;Sergio Gustavo;Arizmendi;rdeseato@acacoop.com.ar;Puertos;Puerto Quequen;sergio.gustavo.arizmendi
13715254;Ramon Eduardo;Deseato;rdeseato@acacoop.com.ar;Puertos;Puerto San Lorenzo;ramon.eduardo.deseato
17904879;Daniel Eduardo;Reinaud;reinaud@acacoop.com.ar;Insumos;Planta Campana;daniel.eduardo.reinaud
13524295;Raul Horacio;Falappa;rfalappa@acacoop.com.ar;Insumos;Ferticentro - Bahía Blanca;raul.horacio.falappa
30057222;Romina Soledad;Foglia;rfoglia@acacoop.com.ar;CDC;CDC San José de la Esquina;romina.soledad.foglia
12032416;Ricardo Jose;Fontana;rfontana@acacoop.com.ar;Productos Agricolas;Filial Pergamino;ricardo.jose.fontana
35792440;Rodrigo Nicolas;Furfaro;rfurfaro@acacoop.com.ar;Productos Agricolas;Casa Central;rodrigo.nicolas.furfaro
8307879;Ruben Aldo;Garay;rgaray@acacoop.com.ar;Puertos;Fca. Rio Tercero;ruben.aldo.garay
17337986;Ruben Omar;Gerbaudo;rgerbaudo@acacoop.com.ar;CDC;CDC Eduardo Castex;ruben.omar.gerbaudo
37061292;Rafael;Gerchunoff;rgerchunoff@acacoop.com.ar;Insumos;Casa Central;rafael.gerchunoff
8502889;Osvaldo Oscar;Rico;rico@acacoop.com.ar;Puertos;Puerto Quequen;osvaldo.oscar.rico
23848319;Cristian;Rivadeneyra;rivadeneyra@acacoop.com.ar;Adm. y Finanzas;Sucursal Rosario;cristian.rivadeneyra
8444615;Fernando Angel;Rivero;rivero@acacoop.com.ar;Adm. y Finanzas;Sucursal Rosario;fernando.angel.rivero
34376044;Rodrigo Jose;Mendez;rjmendez@acacoop.com.ar;Comercio Exterior;Casa Central;rodrigo.jose.mendez
13994876;Ricardo Antonio;Medina;rmedina@acacoop.com.ar;Insumos;Planta Campana;ricardo.antonio.medina
21739036;Leonardo Gustavo;Rodriguez;rodriguez@acacoop.com.ar;Productos Agricolas;Sucursal Bahía Blanca;leonardo.gustavo.rodriguez
14204593;Eduardo Jose;Rosli;rosli@acacoop.com.ar;Comercio Exterior;Casa Central;eduardo.jose.rosli
22262120;Roberto Horacio;Rotondaro;rotondaro@acacoop.com.ar;Insumos;Pergamino - Suelo Fértil;roberto.horacio.rotondaro
24221838;Roberto Carlos;Piatti;rpiatti@acacoop.com.ar;CDC;CDC Las Rosas;roberto.carlos.piatti
27623945;Rodrigo;Poveda;rpoveda@acacoop.com.ar;Organos de Ejecución Gerencial;Casa Central;rodrigo.poveda
16209937;Dionisio Roberto;Renterias;rrenterias@acacoop.com.ar;Puertos;Puerto Quequen;dionisio.roberto.renterias
14752381;Roberto Daniel;Riva;rriva@acacoop.com.ar;Comercio Exterior;Deposito de Miel;roberto.daniel.riva
28580954;Roman Dario Jesus;Seia;rseia@acacoop.com.ar;Insumos;CDC Oliva;roman.dario.jesus.seia
17544761;Raul Alfredo;Sevega;rsevega@acacoop.com.ar;Insumos;Criadero Pergamino;raul.alfredo.sevega
30556308;Roberto Emiliano;Sucarrat;rsucarrat@acacoop.com.ar;Adm. y Finanzas;Casa Central;roberto.emiliano.sucarrat
16127575;Ruben;Timpano;rtimpano@acacoop.com.ar;CDC;CDC Cañada de Gomez;ruben.timpano
11088900;Mario Arturo;Rubino;rubino@acacoop.com.ar;Organos de Ejecución Gerencial;Casa Central;mario.arturo.rubino
8011511;Ruben Enrique;Valvecchia;rvalvecchia@acacoop.com.ar;Comercio Exterior;Casa Central;ruben.enrique.valvecchia
29249034;Rodrigo;Valverde;rvalverde@acacoop.com.ar;Productos Agricolas;Casa Central;rodrigo.valverde
16852412;Ruben Gustavo;Vorraso;rvorraso@acacoop.com.ar;Puertos;Puerto San Lorenzo;ruben.gustavo.vorraso
12032704;Walter Jose;Sachero;sachero@acacoop.com.ar;Insumos;Criadero Pergamino;walter.jose.sachero
24120273;Mauro Sebastian;Saez;saez@acacoop.com.ar;Adm. y Finanzas;Sucursal Cordoba;mauro.sebastian.saez
7866506;Nestor Eduardo;Salaberry;salaberry@acacoop.com.ar;Comercio Exterior;Casa Central;nestor.eduardo.salaberry
20845917;Sandro;Salvatierra;salvatierra@acacoop.com.ar;Adm. y Finanzas;Casa Central;sandro.salvatierra
12474005;Daniel Jose;Salvucci;salvucci@acacoop.com.ar;Productos Agricolas;Sucursal Bahía Blanca;daniel.jose.salvucci
20277734;Maria Angelica;Sanchez;sanchez@acacoop.com.ar;Insumos;Criadero Pergamino;maria.angelica.sanchez
17537802;Andres;Santa Cruz;santa_cruz@acacoop.com.ar;Insumos;Casa Central;andres.santa.cruz
8462748;Oscar Raul;Santapaola;santapaola@acacoop.com.ar;Organos de Ejecución Gerencial;Casa Central;oscar.raul.santapaola
27216495;Romina;Santapaola;santapaola_r@acacoop.com.ar;Mutual;Casa Central;romina.santapaola
18202341;Pablo Gonzalo;Santirso;santirso@acacoop.com.ar;Puertos;Puerto Quequen;pablo.gonzalo.santirso
22483450;Gabriel Angel;Sanz;sanz@acacoop.com.ar;Productos Agricolas;Sucursal Rosario;gabriel.angel.sanz
11997224;Hector Arnoldo;Sarchione;sarchione@acacoop.com.ar;Insumos;Criadero Pergamino;hector.arnoldo.sarchione
23677555;Silvana Beatriz;Boca;sboca@acacoop.com.ar;Insumos;CDC Wheelwright;silvana.beatriz.boca
33826838;Sebastian Ariel;Bottazzi;sbottazzi@acacoop.com.ar;CDC;Sucursal Rosario;sebastian.ariel.bottazzi
12202651;Stella Maris;Scaffino;scaffino@acacoop.com.ar;Productos Agricolas;Sucursal Rosario;stella.maris.scaffino
35337078;Sofia Maricel;Capria;scapria@acacoop.com.ar;Insumos;Casa Central;sofia.maricel.capria
33156163;Sebastian Nicolas;Cardoso Fidalgo;scardoso@acacoop.com.ar;Adm. y Finanzas;Casa Central;sebastian.nicolas.cardoso.fidalgo
29140567;Sebastian;Cedeira;scedeira@acacoop.com.ar;Adm. y Finanzas;Sucursal Rosario;sebastian.cedeira
7849324;Carlos Humberto;Schiapparelli;schiapparelli@acacoop.com.ar;Adm. y Finanzas;Casa Central;carlos.humberto.schiapparelli
27657437;Silvana Del Valle;Crotto;scrotto@acacoop.com.ar;Adm. y Finanzas;Sucursal Cordoba;silvana.del.valle.crotto
23710216;Sebastian Antonio;Cruz;scruz@acacoop.com.ar;Insumos;Planta Campana;sebastian.antonio.cruz
8115721;Alberto Carlos;Senetiner;senetiner@acacoop.com.ar;Insumos;Criadero Pergamino;alberto.carlos.senetiner
18362824;Sergio Raul;Fernandez Gatti;sfernandez@acacoop.com.ar;Comercio Exterior;Deposito de Miel;sergio.raul.fernandez.gatti
22616261;Sebastian Fermin;Lopez;sflopez@acacoop.com.ar;Adm. y Finanzas;Sucursal Cordoba;sebastian.fermin.lopez
27515648;Francisco Nicolas;Sinopoli;sinopoli@acacoop.com.ar;Productos Agricolas;Sucursal Rosario;francisco.nicolas.sinopoli
27798292;Sabrina Edith;Lanau;slanau@acacoop.com.ar;Comercio Exterior;Casa Central;sabrina.edith.lanau
29320723;Solange Danila;Macchia;smacchia@acacoop.com.ar;Adm. y Finanzas;Casa Central;solange.danila.macchia
23337946;Leonardo Andres;Smoglie;smoglie@acacoop.com.ar;Comercio Exterior;Casa Central;leonardo.andres.smoglie
29000492;Sebastian Alejandr;Najle;snajle@acacoop.com.ar;Productos Agricolas;Sucursal Rosario;sebastian.alejandr.najle
24007311;Conrado Martin;Starezewski;snencargados@acacoop.com.ar;Insumos;Fábrica San Nicolás;conrado.martin.starezewski
24007318;Patricio Antonio;Siboldi;snlaboratorio@acacoop.com.ar;Insumos;Fábrica San Nicolás;patricio.antonio.siboldi
24312468;Diego Nestor;Soldati;soldati@acacoop.com.ar;Insumos;Pergamino;diego.nestor.soldati
10376311;Oscar Guillermo;Soria;soria@acacoop.com.ar;Productos Agricolas;Sucursal Cordoba;oscar.guillermo.soria
25641628;Martin;Spagnulo;spagnulo@acacoop.com.ar;Adm. y Finanzas;Casa Central;martin.spagnulo
25743800;Silvana Rita;Spiritoso;spiritoso@acacoop.com.ar;Adm. y Finanzas;Casa Central;silvana.rita.spiritoso
12514743;Isabel E.;Sposito;sposito@acacoop.com.ar;Comercio Exterior;Casa Central;isabel.e..sposito
25982880;Sebastian Martin;Rivero;srivero@acacoop.com.ar;Productos Agricolas;Sucursal Rosario;sebastian.martin.rivero
26931655;Samanta Vanesa;Rodriguez;srodriguez@acacoop.com.ar;CDC;CDC Iriarte;samanta.vanesa.rodriguez
26101503;Soledad;Ruvira;sruvira@acacoop.com.ar;Insumos;Casa Central;soledad.ruvira
30350499;Santiago Antonio;Sanger;ssanger@acacoop.com.ar;CDC;Sucursal Rosario;santiago.antonio.sanger
20629944;Claudio Fabian;Stehle;stehle@acacoop.com.ar;Productos Agricolas;Sucursal Bahía Blanca;claudio.fabian.stehle
25265319;Mauricio Alejandro;Barletta;suelo@acacoop.com.ar;Insumos;Pergamino - Suelo Fértil;mauricio.alejandro.barletta
12174469;Carlos Alberto;Tammaro;tammaro@acacoop.com.ar;Adm. y Finanzas;Casa Central;carlos.alberto.tammaro
25226832;Tomas;Chiocconi;tchiocconi@acacoop.com.ar;Insumos;Sin Asignación Específica;tomas.chiocconi
22104643;Claudio Maria A.;Temperini;temperini@acacoop.com.ar;Productos Agricolas;Sucursal Rosario;claudio.maria.a..temperini
16054254;Reynaldo;Tokatlian;tokatlian@acacoop.com.ar;Insumos;Casa Central;reynaldo.tokatlian
24173219;Gabriel Alberto;Toledo;toledo@acacoop.com.ar;Productos Agricolas;Sucursal Cordoba;gabriel.alberto.toledo
13944374;Oscar Lujan;Toriglio;toriglio@acacoop.com.ar;Comercio Exterior;Sucursal Rosario;oscar.lujan.toriglio
17520067;Gustavo Andres;Torres;torres@acacoop.com.ar;Productos Agricolas;Puerto Quequen;gustavo.andres.torres
23329871;Pablo Luis;Treccozzi;treccozzi@acacoop.com.ar;Productos Agricolas;Casa Central;pablo.luis.treccozzi
34565060;Ulises Walter;Lagger;ulagger@acacoop.com.ar;Productos Agricolas;Filial Santa Fe;ulises.walter.lagger
13217071;Miguel Angel;Ulfe;ulfe@acacoop.com.ar;Comercio Exterior;Casa Central;miguel.angel.ulfe
11858796;Miguel Angel;Valdez;valdez@acacoop.com.ar;Insumos;Planta Campana;miguel.angel.valdez
27207957;Vanesa Fernanda;Allegre;valegre@acacoop.com.ar;CDC;CDC Carlos M. Naón;vanesa.fernanda.allegre
22175397;Veronica;Anca;vanca@acacoop.com.ar;Insumos;Criadero Pergamino;veronica.anca
12748614;Antonio Alberto;Vasta;vasta@acacoop.com.ar;Puertos;Puertos Vilelas;antonio.alberto.vasta
14173442;Teresita De Los Angeles;Vazquez;vazquez@acacoop.com.ar;Adm. y Finanzas;Sucursal Bahía Blanca;teresita.de.los.angeles.vazquez
33087283;Vanesa Elizabeth;Chaile;vchaile@acacoop.com.ar;Adm. y Finanzas;Casa Central;vanesa.elizabeth.chaile
28631925;Valeria;Di Rado;vdirado@acacoop.com.ar;Comercio Exterior;Deposito de Miel;valeria.di.rado
7841065;Ricardo Hector;Vera;vera@acacoop.com.ar;CDC;Sucursal Rosario;ricardo.hector.vera
20854082;Victor;Fiorenza;vfiorenza@acacoop.com.ar;Puertos;Puerto San Lorenzo;victor.fiorenza
27245223;Vanesa Carina;Foglia;vfoglia@acacoop.com.ar;CDC;CDC Venado Tuerto;vanesa.carina.foglia
17846886;Ruben Omar;Villalba;villalba@acacoop.com.ar;Organos de Ejecución Gerencial;Casa Central;ruben.omar.villalba
25974751;Leopoldo;Vomero;vomero@acacoop.com.ar;Productos Agricolas;Puerto Quequen;leopoldo.vomero
31150414;Valeria Del Milagro Lujan;Schiro;vschiro@acacoop.com.ar;Productos Agricolas;Casa Central;valeria.del.milagro.lujan.schiro
17241851;Walter Fabian;Brignoli;wbrignoli@acacoop.com.ar;Insumos;Fábrica San Nicolás;walter.fabian.brignoli
13163477;Ricardo Alberto;Wlasiczuk;wlasiczuk@acacoop.com.ar;CDC;Casa Central;ricardo.alberto.wlasiczuk
14400161;Walter Bartolome;Mingo;wmingo@acacoop.com.ar;Insumos;Planta Campana;walter.bartolome.mingo
32389899;Walter Nicolino;Novisardi;wnovisardi@acacoop.com.ar;CDC;Sucursal Rosario;walter.nicolino.novisardi
30621033;Walter Alexis;Rojas;wrojas@acacoop.com.ar;Puertos;Puerto San Lorenzo;walter.alexis.rojas
33573424;Wanda Ximena;Rosales;wrosales@acacoop.com.ar;Productos Agricolas;Casa Central;wanda.ximena.rosales
26845599;Yanina Andrea;Aussello;yaussello@acacoop.com.ar;CDC;CDC Oliva;yanina.andrea.aussello
16269883;Yolanda Noemi;Garayalde;ygarayalde@acacoop.com.ar;Insumos;Fábrica San Nicolás;yolanda.noemi.garayalde
13448292;Daniel Jose;Yzaguirre;yzaguirre@acacoop.com.ar;CDC;Sucursal Rosario;daniel.jose.yzaguirre
10927379;Ruben Cesar;Zanoni;zanoni@acacoop.com.ar;Productos Agricolas;Filial Pergamino;ruben.cesar.zanoni
92363919;Tomas Daniel;Zarza;zarza@acacoop.com.ar;Puertos;Casa Central;tomas.daniel.zarza
29050447;Maria Zulema;Copperi;zcopperi@acacoop.com.ar;Insumos;Tres Arroyos - Suelo Fértil;maria.zulema.copperi
14093176;Maria;Zelaya Rodriguez;zelaya@acacoop.com.ar;Productos Agricolas;Filial Santa Fe;maria.zelaya.rodriguez
